fixed acidity,volatile acidity,citric acid,residual sugar,chlorides,total sulfur dioxide,density,sulphates,alcohol,Quality
7.4,0.7,0,1.9,0.076,34,0.9978,0.56,9.4,0
7.8,0.88,0,2.6,0.098,67,0.9968,0.68,9.8,0
7.8,0.76,0.04,2.3,0.092,54,0.997,0.65,9.8,0
11.2,0.28,0.56,1.9,0.075,60,0.998,0.58,9.8,1
7.4,0.7,0,1.9,0.076,34,0.9978,0.56,9.4,0
7.4,0.66,0,1.8,0.075,40,0.9978,0.56,9.4,0
7.9,0.6,0.06,1.6,0.069,59,0.9964,0.46,9.4,0
7.3,0.65,0,1.2,0.065,21,0.9946,0.47,10,1
7.8,0.58,0.02,2,0.073,18,0.9968,0.57,9.5,1
7.5,0.5,0.36,6.1,0.071,102,0.9978,0.8,10.5,0
6.7,0.58,0.08,1.8,0.097,65,0.9959,0.54,9.2,0
7.5,0.5,0.36,6.1,0.071,102,0.9978,0.8,10.5,0
5.6,0.615,0,1.6,0.089,59,0.9943,0.52,9.9,0
7.8,0.61,0.29,1.6,0.114,29,0.9974,1.56,9.1,0
8.9,0.62,0.18,3.8,0.176,145,0.9986,0.88,9.2,0
8.9,0.62,0.19,3.9,0.17,148,0.9986,0.93,9.2,0
8.5,0.28,0.56,1.8,0.092,103,0.9969,0.75,10.5,1
8.1,0.56,0.28,1.7,0.368,56,0.9968,1.28,9.3,0
7.4,0.59,0.08,4.4,0.086,29,0.9974,0.5,9,0
7.9,0.32,0.51,1.8,0.341,56,0.9969,1.08,9.2,1
8.9,0.22,0.48,1.8,0.077,60,0.9968,0.53,9.4,1
7.6,0.39,0.31,2.3,0.082,71,0.9982,0.65,9.7,0
7.9,0.43,0.21,1.6,0.106,37,0.9966,0.91,9.5,0
8.5,0.49,0.11,2.3,0.084,67,0.9968,0.53,9.4,0
6.9,0.4,0.14,2.4,0.085,40,0.9968,0.63,9.7,1
6.3,0.39,0.16,1.4,0.08,23,0.9955,0.56,9.3,0
7.6,0.41,0.24,1.8,0.08,11,0.9962,0.59,9.5,0
7.9,0.43,0.21,1.6,0.106,37,0.9966,0.91,9.5,0
7.1,0.71,0,1.9,0.08,35,0.9972,0.55,9.4,0
7.8,0.645,0,2,0.082,16,0.9964,0.59,9.8,1
6.7,0.675,0.07,2.4,0.089,82,0.9958,0.54,10.1,0
6.9,0.685,0,2.5,0.105,37,0.9966,0.57,10.6,1
8.3,0.655,0.12,2.3,0.083,113,0.9966,0.66,9.8,0
6.9,0.605,0.12,10.7,0.073,83,0.9993,0.52,9.4,1
5.2,0.32,0.25,1.8,0.103,50,0.9957,0.55,9.2,0
7.8,0.645,0,5.5,0.086,18,0.9986,0.55,9.6,1
7.8,0.6,0.14,2.4,0.086,15,0.9975,0.6,10.8,1
8.1,0.38,0.28,2.1,0.066,30,0.9968,0.73,9.7,1
5.7,1.13,0.09,1.5,0.172,19,0.994,0.48,9.8,0
7.3,0.45,0.36,5.9,0.074,87,0.9978,0.83,10.5,0
7.3,0.45,0.36,5.9,0.074,87,0.9978,0.83,10.5,0
8.8,0.61,0.3,2.8,0.088,46,0.9976,0.51,9.3,0
7.5,0.49,0.2,2.6,0.332,14,0.9968,0.9,10.5,1
8.1,0.66,0.22,2.2,0.069,23,0.9968,1.2,10.3,0
6.8,0.67,0.02,1.8,0.05,11,0.9962,0.52,9.5,0
4.6,0.52,0.15,2.1,0.054,65,0.9934,0.56,13.1,0
7.7,0.935,0.43,2.2,0.114,114,0.997,0.73,9.2,0
8.7,0.29,0.52,1.6,0.113,37,0.9969,0.58,9.5,0
6.4,0.4,0.23,1.6,0.066,12,0.9958,0.56,9.2,0
5.6,0.31,0.37,1.4,0.074,96,0.9954,0.58,9.2,0
8.8,0.66,0.26,1.7,0.074,23,0.9971,0.74,9.2,0
6.6,0.52,0.04,2.2,0.069,15,0.9956,0.63,9.4,1
6.6,0.5,0.04,2.1,0.068,14,0.9955,0.64,9.4,1
8.6,0.38,0.36,3,0.081,119,0.997,0.56,9.4,0
7.6,0.51,0.15,2.8,0.11,73,0.9955,0.63,10.2,1
7.7,0.62,0.04,3.8,0.084,45,0.9978,0.53,9.5,0
10.2,0.42,0.57,3.4,0.07,10,0.9971,0.63,9.6,0
7.5,0.63,0.12,5.1,0.111,110,0.9983,0.77,9.4,0
7.8,0.59,0.18,2.3,0.076,54,0.9975,0.59,10,0
7.3,0.39,0.31,2.4,0.074,46,0.9962,0.54,9.4,1
8.8,0.4,0.4,2.2,0.079,52,0.998,0.64,9.2,0
7.7,0.69,0.49,1.8,0.115,112,0.9968,0.71,9.3,0
7.5,0.52,0.16,1.9,0.085,35,0.9968,0.62,9.5,1
7,0.735,0.05,2,0.081,54,0.9966,0.57,9.8,0
7.2,0.725,0.05,4.65,0.086,11,0.9962,0.39,10.9,0
7.2,0.725,0.05,4.65,0.086,11,0.9962,0.39,10.9,0
7.5,0.52,0.11,1.5,0.079,39,0.9968,0.58,9.6,0
6.6,0.705,0.07,1.6,0.076,15,0.9962,0.58,10.7,0
9.3,0.32,0.57,2,0.074,65,0.9969,0.79,10.7,0
8,0.705,0.05,1.9,0.074,19,0.9962,0.95,10.5,1
7.7,0.63,0.08,1.9,0.076,27,0.9967,0.54,9.5,1
7.7,0.67,0.23,2.1,0.088,96,0.9962,0.48,9.5,0
7.7,0.69,0.22,1.9,0.084,94,0.9961,0.48,9.5,0
8.3,0.675,0.26,2.1,0.084,43,0.9976,0.53,9.2,0
9.7,0.32,0.54,2.5,0.094,83,0.9984,0.82,9.6,0
8.8,0.41,0.64,2.2,0.093,42,0.9986,0.66,10.5,0
8.8,0.41,0.64,2.2,0.093,42,0.9986,0.66,10.5,0
6.8,0.785,0,2.4,0.104,30,0.9966,0.55,10.7,1
6.7,0.75,0.12,2,0.086,80,0.9958,0.52,10.1,0
8.3,0.625,0.2,1.5,0.08,119,0.9972,1.12,9.1,0
6.2,0.45,0.2,1.6,0.069,15,0.9958,0.56,9.2,0
7.8,0.43,0.7,1.9,0.464,67,0.9974,1.28,9.4,0
7.4,0.5,0.47,2,0.086,73,0.997,0.57,9.1,0
7.3,0.67,0.26,1.8,0.401,51,0.9969,1.14,9.4,0
6.3,0.3,0.48,1.8,0.069,61,0.9959,0.78,10.3,1
6.9,0.55,0.15,2.2,0.076,40,0.9961,0.59,10.1,0
8.6,0.49,0.28,1.9,0.11,136,0.9972,1.95,9.9,1
7.7,0.49,0.26,1.9,0.062,31,0.9966,0.64,9.6,0
9.3,0.39,0.44,2.1,0.107,125,0.9978,1.22,9.5,0
7,0.62,0.08,1.8,0.076,24,0.9978,0.53,9,0
7.9,0.52,0.26,1.9,0.079,140,0.9964,0.54,9.5,0
8.6,0.49,0.28,1.9,0.11,136,0.9972,1.95,9.9,1
8.6,0.49,0.29,2,0.11,133,0.9972,1.98,9.8,0
7.7,0.49,0.26,1.9,0.062,31,0.9966,0.64,9.6,0
5,1.02,0.04,1.4,0.045,85,0.9938,0.48,10.5,0
4.7,0.6,0.17,2.3,0.058,106,0.9932,0.6,12.9,1
6.8,0.775,0,3,0.102,23,0.9965,0.56,10.7,0
7,0.5,0.25,2,0.07,22,0.9963,0.63,9.2,0
7.6,0.9,0.06,2.5,0.079,10,0.9967,0.56,9.8,0
8.1,0.545,0.18,1.9,0.08,35,0.9972,0.59,9,1
8.3,0.61,0.3,2.1,0.084,50,0.9972,0.61,10.2,1
7.8,0.5,0.3,1.9,0.075,22,0.9959,0.56,10.4,1
8.1,0.545,0.18,1.9,0.08,35,0.9972,0.59,9,1
8.1,0.575,0.22,2.1,0.077,65,0.9967,0.51,9.2,0
7.2,0.49,0.24,2.2,0.07,36,0.996,0.48,9.4,0
8.1,0.575,0.22,2.1,0.077,65,0.9967,0.51,9.2,0
7.8,0.41,0.68,1.7,0.467,69,0.9973,1.31,9.3,0
6.2,0.63,0.31,1.7,0.088,64,0.9969,0.79,9.3,0
8,0.33,0.53,2.5,0.091,80,0.9976,0.8,9.6,1
8.1,0.785,0.52,2,0.122,153,0.9969,0.69,9.3,0
7.8,0.56,0.19,1.8,0.104,47,0.9964,0.93,9.5,0
8.4,0.62,0.09,2.2,0.084,108,0.9964,0.66,9.8,0
8.4,0.6,0.1,2.2,0.085,111,0.9964,0.66,9.8,0
10.1,0.31,0.44,2.3,0.08,46,0.9988,0.67,9.7,1
7.8,0.56,0.19,1.8,0.104,47,0.9964,0.93,9.5,0
9.4,0.4,0.31,2.2,0.09,62,0.9966,0.63,10.5,1
8.3,0.54,0.28,1.9,0.077,40,0.9978,0.61,10,1
7.8,0.56,0.12,2,0.082,28,0.997,0.5,9.4,1
8.8,0.55,0.04,2.2,0.119,56,0.9962,0.6,10.9,1
7,0.69,0.08,1.8,0.097,89,0.9959,0.54,9.2,1
7.3,1.07,0.09,1.7,0.178,89,0.9962,0.57,9,0
8.8,0.55,0.04,2.2,0.119,56,0.9962,0.6,10.9,1
7.3,0.695,0,2.5,0.075,13,0.998,0.52,9.2,0
8,0.71,0,2.6,0.08,34,0.9976,0.53,9.5,0
7.8,0.5,0.17,1.6,0.082,102,0.996,0.48,9.5,0
9,0.62,0.04,1.9,0.146,90,0.9984,0.7,9.4,0
8.2,1.33,0,1.7,0.081,12,0.9964,0.49,10.9,0
8.1,1.33,0,1.8,0.082,12,0.9964,0.48,10.9,0
8,0.59,0.16,1.8,0.065,16,0.9962,0.92,10.5,1
6.1,0.38,0.15,1.8,0.072,19,0.9955,0.57,9.4,0
8,0.745,0.56,2,0.118,134,0.9968,0.66,9.4,0
5.6,0.5,0.09,2.3,0.049,99,0.9937,0.63,13,0
5.6,0.5,0.09,2.3,0.049,99,0.9937,0.63,13,0
6.6,0.5,0.01,1.5,0.06,26,0.9952,0.58,9.8,1
7.9,1.04,0.05,2.2,0.084,29,0.9959,0.55,9.9,1
8.4,0.745,0.11,1.9,0.09,63,0.9965,0.82,9.6,0
8.3,0.715,0.15,1.8,0.089,52,0.9968,0.77,9.5,0
7.2,0.415,0.36,2,0.081,45,0.9972,0.64,9.2,0
7.8,0.56,0.19,2.1,0.081,105,0.9962,0.54,9.5,0
7.8,0.56,0.19,2,0.081,108,0.9962,0.54,9.5,0
8.4,0.745,0.11,1.9,0.09,63,0.9965,0.82,9.6,0
8.3,0.715,0.15,1.8,0.089,52,0.9968,0.77,9.5,0
5.2,0.34,0,1.8,0.05,63,0.9916,0.79,14,1
6.3,0.39,0.08,1.7,0.066,20,0.9954,0.58,9.4,0
5.2,0.34,0,1.8,0.05,63,0.9916,0.79,14,1
8.1,0.67,0.55,1.8,0.117,141,0.9968,0.62,9.4,0
5.8,0.68,0.02,1.8,0.087,94,0.9944,0.52,10,0
7.6,0.49,0.26,1.6,0.236,88,0.9968,0.8,9.3,0
6.9,0.49,0.1,2.3,0.074,30,0.9959,0.58,10.2,1
8.2,0.4,0.44,2.8,0.089,43,0.9975,0.61,10.5,1
7.3,0.33,0.47,2.1,0.077,11,0.9958,0.53,10.3,1
9.2,0.52,1,3.4,0.61,69,0.9996,2,9.4,0
7.5,0.6,0.03,1.8,0.095,99,0.995,0.54,10.1,0
7.5,0.6,0.03,1.8,0.095,99,0.995,0.54,10.1,0
7.1,0.43,0.42,5.5,0.07,129,0.9973,0.72,10.5,0
7.1,0.43,0.42,5.5,0.071,128,0.9973,0.71,10.5,0
7.1,0.43,0.42,5.5,0.07,129,0.9973,0.72,10.5,0
7.1,0.43,0.42,5.5,0.071,128,0.9973,0.71,10.5,0
7.1,0.68,0,2.2,0.073,22,0.9969,0.5,9.3,0
6.8,0.6,0.18,1.9,0.079,86,0.9968,0.57,9.3,1
7.6,0.95,0.03,2,0.09,20,0.9959,0.56,9.6,0
7.6,0.68,0.02,1.3,0.072,20,0.9965,1.08,9.2,0
7.8,0.53,0.04,1.7,0.076,31,0.9964,0.56,10,1
7.4,0.6,0.26,7.3,0.07,121,0.9982,0.49,9.4,0
7.3,0.59,0.26,7.2,0.07,121,0.9981,0.49,9.4,0
7.8,0.63,0.48,1.7,0.1,96,0.9961,0.62,9.5,0
6.8,0.64,0.1,2.1,0.085,101,0.9956,0.52,10.2,0
7.3,0.55,0.03,1.6,0.072,42,0.9956,0.48,9,0
6.8,0.63,0.07,2.1,0.089,44,0.9953,0.55,10.4,1
7.5,0.705,0.24,1.8,0.36,63,0.9964,1.59,9.5,0
7.9,0.885,0.03,1.8,0.058,8,0.9972,0.33,9.1,0
8,0.42,0.17,2,0.073,18,0.9972,0.61,9.2,1
8,0.42,0.17,2,0.073,18,0.9972,0.61,9.2,1
7.4,0.62,0.05,1.9,0.068,42,0.9961,0.57,11.5,1
7.3,0.38,0.21,2,0.08,35,0.9961,0.47,9.5,0
6.9,0.5,0.04,1.5,0.085,49,0.9958,0.78,9.5,0
7.3,0.38,0.21,2,0.08,35,0.9961,0.47,9.5,0
7.5,0.52,0.42,2.3,0.087,38,0.9972,0.61,10.5,1
7,0.805,0,2.5,0.068,20,0.9969,0.56,9.6,0
8.8,0.61,0.14,2.4,0.067,42,0.9969,0.59,9.5,0
8.8,0.61,0.14,2.4,0.067,42,0.9969,0.59,9.5,0
8.9,0.61,0.49,2,0.27,110,0.9972,1.02,9.3,0
7.2,0.73,0.02,2.5,0.076,42,0.9972,0.52,9.3,0
6.8,0.61,0.2,1.8,0.077,65,0.9971,0.58,9.3,0
6.7,0.62,0.21,1.9,0.079,62,0.997,0.58,9.3,1
8.9,0.31,0.57,2,0.111,85,0.9971,0.53,9.7,0
7.4,0.39,0.48,2,0.082,67,0.9972,0.55,9.2,0
7.7,0.705,0.1,2.6,0.084,26,0.9976,0.49,9.7,0
7.9,0.5,0.33,2,0.084,143,0.9968,0.55,9.5,0
7.9,0.49,0.32,1.9,0.082,144,0.9968,0.55,9.5,0
8.2,0.5,0.35,2.9,0.077,127,0.9976,0.62,9.4,0
6.4,0.37,0.25,1.9,0.074,49,0.9974,0.62,9.8,1
6.8,0.63,0.12,3.8,0.099,126,0.9969,0.61,9.5,0
7.6,0.55,0.21,2.2,0.071,28,0.9964,0.55,9.7,0
7.6,0.55,0.21,2.2,0.071,28,0.9964,0.55,9.7,0
7.8,0.59,0.33,2,0.074,120,0.9968,0.54,9.4,0
7.3,0.58,0.3,2.4,0.074,55,0.9968,0.59,10.2,0
11.5,0.3,0.6,2,0.067,27,0.9981,0.97,10.1,1
5.4,0.835,0.08,1.2,0.046,93,0.9924,0.85,13,1
6.9,1.09,0.06,2.1,0.061,31,0.9948,0.43,11.4,0
9.6,0.32,0.47,1.4,0.056,24,0.99695,0.82,10.3,1
8.8,0.37,0.48,2.1,0.097,145,0.9975,1.03,9.3,0
6.8,0.5,0.11,1.5,0.075,49,0.99545,0.79,9.5,0
7,0.42,0.35,1.6,0.088,39,0.9961,0.55,9.2,0
7,0.43,0.36,1.6,0.089,37,0.99615,0.56,9.2,1
12.8,0.3,0.74,2.6,0.095,28,0.9994,0.77,10.8,1
12.8,0.3,0.74,2.6,0.095,28,0.9994,0.77,10.8,1
7.8,0.57,0.31,1.8,0.069,120,0.99625,0.53,9.3,0
7.8,0.44,0.28,2.7,0.1,95,0.9966,0.67,9.4,0
11,0.3,0.58,2.1,0.054,19,0.998,0.88,10.5,1
9.7,0.53,0.6,2,0.039,19,0.99585,0.86,12.4,1
8,0.725,0.24,2.8,0.083,62,0.99685,0.56,10,1
11.6,0.44,0.64,2.1,0.059,15,0.998,0.67,10.2,1
8.2,0.57,0.26,2.2,0.06,65,0.9959,0.43,10.1,0
7.8,0.735,0.08,2.4,0.092,41,0.9974,0.71,9.8,1
7,0.49,0.49,5.6,0.06,121,0.9974,0.76,10.5,0
8.7,0.625,0.16,2,0.101,49,0.9962,0.57,11,0
8.1,0.725,0.22,2.2,0.072,41,0.9967,0.55,9.1,0
7.5,0.49,0.19,1.9,0.076,44,0.9957,0.54,9.7,0
7.8,0.53,0.33,2.4,0.08,144,0.99655,0.6,9.5,0
7.8,0.34,0.37,2,0.082,58,0.9964,0.59,9.4,1
7.4,0.53,0.26,2,0.101,72,0.9957,0.57,9.4,0
6.8,0.61,0.04,1.5,0.057,10,0.99525,0.6,9.5,0
8.6,0.645,0.25,2,0.083,28,0.99815,0.6,10,1
8.4,0.635,0.36,2,0.089,55,0.99745,0.57,10.4,0
7.7,0.43,0.25,2.6,0.073,63,0.99615,0.58,10.5,1
8.9,0.59,0.5,2,0.337,81,0.9964,1.61,9.5,1
9,0.82,0.14,2.6,0.089,23,0.9984,0.63,9.8,0
7.7,0.43,0.25,2.6,0.073,63,0.99615,0.58,10.5,1
6.9,0.52,0.25,2.6,0.081,37,0.99685,0.5,11,0
5.2,0.48,0.04,1.6,0.054,106,0.9927,0.62,12.2,1
8,0.38,0.06,1.8,0.078,49,0.99625,0.52,9.9,1
8.5,0.37,0.2,2.8,0.09,58,0.998,0.7,9.6,1
6.9,0.52,0.25,2.6,0.081,37,0.99685,0.5,11,0
8.2,1,0.09,2.3,0.065,37,0.99685,0.55,9,1
7.2,0.63,0,1.9,0.097,38,0.99675,0.58,9,1
7.2,0.63,0,1.9,0.097,38,0.99675,0.58,9,1
7.2,0.645,0,1.9,0.097,39,0.99675,0.58,9.2,1
7.2,0.63,0,1.9,0.097,38,0.99675,0.58,9,1
8.2,1,0.09,2.3,0.065,37,0.99685,0.55,9,1
8.9,0.635,0.37,1.7,0.263,62,0.9971,1.09,9.3,0
12,0.38,0.56,2.1,0.093,24,0.99925,0.71,10.9,1
7.7,0.58,0.1,1.8,0.102,109,0.99565,0.49,9.8,1
15,0.21,0.44,2.2,0.075,24,1.00005,0.84,9.2,1
15,0.21,0.44,2.2,0.075,24,1.00005,0.84,9.2,1
7.3,0.66,0,2,0.084,23,0.9983,0.96,9.9,1
7.1,0.68,0.07,1.9,0.075,51,0.99685,0.52,9.5,0
8.2,0.6,0.17,2.3,0.072,73,0.9963,0.45,9.3,0
7.7,0.53,0.06,1.7,0.074,39,0.99615,0.48,9.8,1
7.3,0.66,0,2,0.084,23,0.9983,0.96,9.9,1
10.8,0.32,0.44,1.6,0.063,37,0.9985,0.78,10,1
7.1,0.6,0,1.8,0.074,34,0.9972,0.7,9.9,1
11.1,0.35,0.48,3.1,0.09,21,0.9986,0.53,10.5,0
7.7,0.775,0.42,1.9,0.092,86,0.9959,0.59,9.5,0
7.1,0.6,0,1.8,0.074,34,0.9972,0.7,9.9,1
8,0.57,0.23,3.2,0.073,119,0.99675,0.57,9.3,0
9.4,0.34,0.37,2.2,0.075,13,0.998,0.62,9.2,0
6.6,0.695,0,2.1,0.075,56,0.9968,0.67,9.2,0
7.7,0.41,0.76,1.8,0.611,45,0.9968,1.26,9.4,0
10,0.31,0.47,2.6,0.085,33,0.99965,0.8,10.5,1
7.9,0.33,0.23,1.7,0.077,45,0.99625,0.65,9.3,0
7,0.975,0.04,2,0.087,67,0.99565,0.6,9.4,0
8,0.52,0.03,1.7,0.07,35,0.99575,0.57,10,0
7.9,0.37,0.23,1.8,0.077,49,0.9963,0.67,9.3,0
12.5,0.56,0.49,2.4,0.064,27,0.9999,0.87,10.9,0
11.8,0.26,0.52,1.8,0.071,10,0.9968,0.72,10.2,1
8.1,0.87,0,3.3,0.096,61,1.00025,0.72,9.8,0
7.9,0.35,0.46,3.6,0.078,37,0.9973,0.86,12.8,1
6.9,0.54,0.04,3,0.077,27,0.9987,0.91,9.4,1
11.5,0.18,0.51,4,0.104,23,0.9996,0.97,10.1,1
7.9,0.545,0.06,4,0.087,61,0.9965,0.67,10.7,1
11.5,0.18,0.51,4,0.104,23,0.9996,0.97,10.1,1
10.9,0.37,0.58,4,0.071,65,0.99935,0.78,10.1,0
8.4,0.715,0.2,2.4,0.076,38,0.99735,0.64,9.4,0
7.5,0.65,0.18,7,0.088,94,0.99915,0.77,9.4,0
7.9,0.545,0.06,4,0.087,61,0.9965,0.67,10.7,1
6.9,0.54,0.04,3,0.077,27,0.9987,0.91,9.4,1
11.5,0.18,0.51,4,0.104,23,0.9996,0.97,10.1,1
10.3,0.32,0.45,6.4,0.073,13,0.9976,0.82,12.6,1
8.9,0.4,0.32,5.6,0.087,47,0.9991,0.77,10.5,1
11.4,0.26,0.44,3.6,0.071,19,0.9986,0.82,9.3,1
7.7,0.27,0.68,3.5,0.358,10,0.9972,1.08,9.9,1
7.6,0.52,0.12,3,0.067,53,0.9971,0.57,9.1,0
8.9,0.4,0.32,5.6,0.087,47,0.9991,0.77,10.5,1
9.9,0.59,0.07,3.4,0.102,71,1.00015,0.71,9.8,0
9.9,0.59,0.07,3.4,0.102,71,1.00015,0.71,9.8,0
12,0.45,0.55,2,0.073,49,0.9997,0.76,10.3,1
7.5,0.4,0.12,3,0.092,53,0.9967,0.7,10.3,1
8.7,0.52,0.09,2.5,0.091,49,0.9976,0.86,10.6,1
11.6,0.42,0.53,3.3,0.105,98,1.001,0.95,9.2,0
8.7,0.52,0.09,2.5,0.091,49,0.9976,0.86,10.6,1
11,0.2,0.48,2,0.343,18,0.9979,0.71,10.5,0
10.4,0.55,0.23,2.7,0.091,48,0.9994,0.64,10.3,1
6.9,0.36,0.25,2.4,0.098,16,0.9964,0.6,10.1,1
13.3,0.34,0.52,3.2,0.094,53,1.0014,0.81,9.5,1
10.8,0.5,0.46,2.5,0.073,27,1.0001,0.64,9.5,0
10.6,0.83,0.37,2.6,0.086,70,0.9981,0.52,9.9,0
7.1,0.63,0.06,2,0.083,29,0.99855,0.73,9.6,0
7.2,0.65,0.02,2.3,0.094,31,0.9993,0.8,9.7,0
6.9,0.67,0.06,2.1,0.08,33,0.99845,0.71,9.6,0
7.5,0.53,0.06,2.6,0.086,44,0.9965,0.59,10.7,1
11.1,0.18,0.48,1.5,0.068,15,0.9973,0.64,10.1,1
8.3,0.705,0.12,2.6,0.092,28,0.9994,0.72,10,0
7.4,0.67,0.12,1.6,0.186,21,0.996,0.54,9.5,0
8.4,0.65,0.6,2.1,0.112,90,0.9973,0.52,9.2,0
10.3,0.53,0.48,2.5,0.063,25,0.9998,0.59,9.3,1
7.6,0.62,0.32,2.2,0.082,54,0.9966,0.52,9.4,0
10.3,0.41,0.42,2.4,0.213,14,0.9994,0.62,9.5,1
10.3,0.43,0.44,2.4,0.214,12,0.9994,0.63,9.5,1
7.4,0.29,0.38,1.7,0.062,30,0.9968,0.53,9.5,1
10.3,0.53,0.48,2.5,0.063,25,0.9998,0.59,9.3,1
7.9,0.53,0.24,2,0.072,105,0.996,0.54,9.4,1
9,0.46,0.31,2.8,0.093,98,0.99815,0.63,9.5,1
8.6,0.47,0.3,3,0.076,135,0.9976,0.53,9.4,0
7.4,0.36,0.29,2.6,0.087,72,0.99645,0.68,11,0
7.1,0.35,0.29,2.5,0.096,53,0.9962,0.65,11,1
9.6,0.56,0.23,3.4,0.102,92,0.9996,0.65,10.1,0
9.6,0.77,0.12,2.9,0.082,74,0.99865,0.64,10.4,1
9.8,0.66,0.39,3.2,0.083,59,0.9989,0.71,11.5,1
9.6,0.77,0.12,2.9,0.082,74,0.99865,0.64,10.4,1
9.8,0.66,0.39,3.2,0.083,59,0.9989,0.71,11.5,1
9.3,0.61,0.26,3.4,0.09,87,0.99975,0.62,9.7,0
7.8,0.62,0.05,2.3,0.079,18,0.99735,0.63,9.3,0
10.3,0.59,0.42,2.8,0.09,73,0.999,0.7,9.5,1
10,0.49,0.2,11,0.071,50,1.0015,0.69,9.2,1
10,0.49,0.2,11,0.071,50,1.0015,0.69,9.2,1
11.6,0.53,0.66,3.65,0.121,14,0.9978,0.74,11.5,1
10.3,0.44,0.5,4.5,0.107,13,0.998,0.83,11.5,0
13.4,0.27,0.62,2.6,0.082,21,1.0002,0.67,9.7,1
10.7,0.46,0.39,2,0.061,15,0.9981,0.62,9.5,0
10.2,0.36,0.64,2.9,0.122,41,0.998,0.66,12.5,1
10.2,0.36,0.64,2.9,0.122,41,0.998,0.66,12.5,1
8,0.58,0.28,3.2,0.066,114,0.9973,0.54,9.4,1
8.4,0.56,0.08,2.1,0.105,44,0.9958,0.52,11,0
7.9,0.65,0.01,2.5,0.078,38,0.9963,0.74,11.7,1
11.9,0.695,0.53,3.4,0.128,21,0.9992,0.84,12.2,1
8.9,0.43,0.45,1.9,0.052,16,0.9948,0.7,12.5,1
7.8,0.43,0.32,2.8,0.08,58,0.9974,0.64,10.3,0
12.4,0.49,0.58,3,0.103,99,1.0008,1,11.5,1
12.5,0.28,0.54,2.3,0.082,29,0.9997,1.36,9.8,1
12.2,0.34,0.5,2.4,0.066,21,1,1.18,9.2,1
10.6,0.42,0.48,2.7,0.065,18,0.9972,0.87,11.3,1
10.9,0.39,0.47,1.8,0.118,14,0.9982,0.75,9.8,1
10.9,0.39,0.47,1.8,0.118,14,0.9982,0.75,9.8,1
11.9,0.57,0.5,2.6,0.082,32,1.0006,0.78,10.7,1
7,0.685,0,1.9,0.067,63,0.9979,0.81,9.9,0
6.6,0.815,0.02,2.7,0.072,34,0.9955,0.89,12.3,1
13.8,0.49,0.67,3,0.093,15,0.9986,0.93,12,1
9.6,0.56,0.31,2.8,0.089,46,0.9979,0.92,10,1
9.1,0.785,0,2.6,0.093,28,0.9994,0.86,9.4,1
10.7,0.67,0.22,2.7,0.107,34,1.0004,0.98,9.9,1
9.1,0.795,0,2.6,0.096,26,0.9994,0.83,9.4,1
7.7,0.665,0,2.4,0.09,19,0.9974,0.73,9.3,0
13.5,0.53,0.79,4.8,0.12,77,1.0018,0.77,13,0
6.1,0.21,0.4,1.4,0.066,165,0.9912,0.59,11.9,1
6.7,0.75,0.01,2.4,0.078,32,0.9955,0.61,12.8,1
11.5,0.41,0.52,3,0.08,55,1.0001,0.88,11,0
10.5,0.42,0.66,2.95,0.116,29,0.997,0.75,11.7,1
11.9,0.43,0.66,3.1,0.109,23,1,0.85,10.4,1
12.6,0.38,0.66,2.6,0.088,41,1.001,0.68,9.8,1
8.2,0.7,0.23,2,0.099,81,0.9973,0.7,9.4,0
8.6,0.45,0.31,2.6,0.086,50,0.9982,0.91,9.9,1
11.9,0.58,0.66,2.5,0.072,37,0.9992,0.56,10,0
12.5,0.46,0.63,2,0.071,15,0.9988,0.87,10.2,0
12.8,0.615,0.66,5.8,0.083,42,1.0022,0.73,10,1
10,0.42,0.5,3.4,0.107,21,0.9979,0.93,11.8,1
12.8,0.615,0.66,5.8,0.083,42,1.0022,0.73,10,1
10.4,0.575,0.61,2.6,0.076,24,1,0.69,9,0
10.3,0.34,0.52,2.8,0.159,75,0.9998,0.64,9.4,0
9.4,0.27,0.53,2.4,0.074,18,0.9962,1.13,12,1
6.9,0.765,0.02,2.3,0.063,63,0.9975,0.78,9.9,0
7.9,0.24,0.4,1.6,0.056,25,0.9967,0.87,8.7,1
9.1,0.28,0.48,1.8,0.067,46,0.9967,1.04,10.6,1
7.4,0.55,0.22,2.2,0.106,72,0.9959,0.63,9.2,0
14,0.41,0.63,3.8,0.089,47,1.0014,0.81,10.8,1
11.5,0.54,0.71,4.4,0.124,15,0.9984,0.83,11.8,1
11.5,0.45,0.5,3,0.078,47,1.0003,1.11,11,1
9.4,0.27,0.53,2.4,0.074,18,0.9962,1.13,12,1
11.4,0.625,0.66,6.2,0.088,24,0.9988,0.99,13.3,1
8.3,0.42,0.38,2.5,0.094,60,0.9979,0.7,10.8,1
8.3,0.26,0.42,2,0.08,27,0.9974,0.8,9.4,1
13.7,0.415,0.68,2.9,0.085,43,1.0014,0.8,10,1
8.3,0.26,0.42,2,0.08,27,0.9974,0.8,9.4,1
8.3,0.26,0.42,2,0.08,27,0.9974,0.8,9.4,1
7.7,0.51,0.28,2.1,0.087,54,0.998,0.74,9.2,0
7.4,0.63,0.07,2.4,0.09,37,0.9979,0.76,9.7,1
7.8,0.54,0.26,2,0.088,48,0.9981,0.74,9.2,1
8.3,0.66,0.15,1.9,0.079,42,0.9972,0.54,9.6,1
7.8,0.46,0.26,1.9,0.088,53,0.9981,0.74,9.2,1
9.6,0.38,0.31,2.5,0.096,49,0.9982,0.7,10,1
5.6,0.85,0.05,1.4,0.045,88,0.9924,0.82,12.9,1
13.7,0.415,0.68,2.9,0.085,43,1.0014,0.8,10,1
9.5,0.37,0.52,2,0.082,26,0.998,0.51,9.5,0
8.4,0.665,0.61,2,0.112,95,0.997,0.54,9.1,0
12.7,0.6,0.65,2.3,0.063,25,0.9997,0.57,9.9,0
12,0.37,0.76,4.2,0.066,38,1.0004,0.6,13,1
6.6,0.735,0.02,7.9,0.122,124,0.9994,0.53,9.9,0
11.5,0.59,0.59,2.6,0.087,49,0.9988,0.65,11,1
11.5,0.59,0.59,2.6,0.087,49,0.9988,0.65,11,1
8.7,0.765,0.22,2.3,0.064,42,0.9963,0.55,9.4,0
6.6,0.735,0.02,7.9,0.122,124,0.9994,0.53,9.9,0
7.7,0.26,0.3,1.7,0.059,38,0.9949,0.47,10.8,1
12.2,0.48,0.54,2.6,0.085,64,1,0.61,10.5,1
11.4,0.6,0.49,2.7,0.085,41,0.9994,0.63,10.5,1
7.7,0.69,0.05,2.7,0.075,27,0.9974,0.61,9.1,0
8.7,0.31,0.46,1.4,0.059,25,0.9966,0.76,10.1,1
9.8,0.44,0.47,2.5,0.063,28,0.9981,0.65,10.8,1
12,0.39,0.66,3,0.093,30,0.9996,0.63,10.8,1
10.4,0.34,0.58,3.7,0.174,16,0.997,0.7,11.3,1
12.5,0.46,0.49,4.5,0.07,49,0.9981,0.57,9.6,0
9,0.43,0.34,2.5,0.08,86,0.9987,0.62,9.5,1
9.1,0.45,0.35,2.4,0.08,78,0.9987,0.62,9.5,0
7.1,0.735,0.16,1.9,0.1,77,0.9966,0.64,9.3,0
9.9,0.4,0.53,6.7,0.097,19,0.9986,0.82,11.7,1
8.8,0.52,0.34,2.7,0.087,122,0.9982,0.61,9.5,0
8.6,0.725,0.24,6.6,0.117,134,1.0014,1.07,9.3,0
10.6,0.48,0.64,2.2,0.111,20,0.997,0.66,11.7,1
7,0.58,0.12,1.9,0.091,124,0.9956,0.48,10.5,0
11.9,0.38,0.51,2,0.121,20,0.9996,0.76,10.4,1
6.8,0.77,0,1.8,0.066,52,0.9976,0.68,9.9,0
9.5,0.56,0.33,2.4,0.089,67,0.9972,0.73,11.8,1
6.6,0.84,0.03,2.3,0.059,48,0.9952,0.56,12.3,1
7.7,0.96,0.2,2,0.047,60,0.9955,0.44,10.9,0
10.5,0.24,0.47,2.1,0.066,24,0.9978,0.9,11,1
7.7,0.96,0.2,2,0.047,60,0.9955,0.44,10.9,0
6.6,0.84,0.03,2.3,0.059,48,0.9952,0.56,12.3,1
6.4,0.67,0.08,2.1,0.045,48,0.9949,0.49,11.4,1
9.5,0.78,0.22,1.9,0.077,32,0.9988,0.56,10.6,1
9.1,0.52,0.33,1.3,0.07,30,0.9978,0.6,9.3,0
12.8,0.84,0.63,2.4,0.088,35,0.9997,0.6,10.4,1
10.5,0.24,0.47,2.1,0.066,24,0.9978,0.9,11,1
7.8,0.55,0.35,2.2,0.074,66,0.9974,0.56,9.2,0
11.9,0.37,0.69,2.3,0.078,24,0.9958,0.65,12.8,1
12.3,0.39,0.63,2.3,0.091,18,1.0004,0.49,9.5,0
10.4,0.41,0.55,3.2,0.076,54,0.9996,0.89,9.9,1
12.3,0.39,0.63,2.3,0.091,18,1.0004,0.49,9.5,0
8,0.67,0.3,2,0.06,62,0.9958,0.56,10.2,1
11.1,0.45,0.73,3.2,0.066,22,0.9986,0.66,11.2,1
10.4,0.41,0.55,3.2,0.076,54,0.9996,0.89,9.9,1
7,0.62,0.18,1.5,0.062,50,0.9951,0.6,9.3,0
12.6,0.31,0.72,2.2,0.072,29,0.9987,0.82,9.8,1
11.9,0.4,0.65,2.15,0.068,27,0.9988,0.68,11.3,1
15.6,0.685,0.76,3.7,0.1,43,1.0032,0.68,11.2,1
10,0.44,0.49,2.7,0.077,19,0.9963,0.63,11.6,1
5.3,0.57,0.01,1.7,0.054,27,0.9934,0.84,12.5,1
9.5,0.735,0.1,2.1,0.079,31,0.9986,0.56,10.1,1
12.5,0.38,0.6,2.6,0.081,72,0.9996,0.73,10.5,0
9.3,0.48,0.29,2.1,0.127,16,0.9968,0.72,11.2,0
8.6,0.53,0.22,2,0.1,27,0.9967,0.56,10.2,1
11.9,0.39,0.69,2.8,0.095,35,0.9994,0.61,10.8,1
11.9,0.39,0.69,2.8,0.095,35,0.9994,0.61,10.8,1
8.4,0.37,0.53,1.8,0.413,26,0.9979,1.06,9.1,1
6.8,0.56,0.03,1.7,0.084,35,0.9968,0.63,10,1
10.4,0.33,0.63,2.8,0.084,22,0.9998,0.74,11.2,1
7,0.23,0.4,1.6,0.063,67,0.9952,0.63,11.1,0
11.3,0.62,0.67,5.2,0.086,19,0.9988,0.69,13.4,1
8.9,0.59,0.39,2.3,0.095,22,0.9986,0.58,10.3,0
9.2,0.63,0.21,2.7,0.097,65,0.9988,0.58,9.6,0
10.4,0.33,0.63,2.8,0.084,22,0.9998,0.74,11.2,1
11.6,0.58,0.66,2.2,0.074,47,1.0008,0.57,9,0
9.2,0.43,0.52,2.3,0.083,23,0.9976,0.61,11.3,1
8.3,0.615,0.22,2.6,0.087,19,0.9982,0.61,9.3,0
11,0.26,0.68,2.55,0.085,25,0.997,0.61,11.8,0
8.1,0.66,0.7,2.2,0.098,129,0.9972,0.53,9,0
11.5,0.315,0.54,2.1,0.084,15,0.9987,0.7,9.2,1
10,0.29,0.4,2.9,0.098,26,1.0006,0.91,9.7,0
10.3,0.5,0.42,2,0.069,51,0.9982,0.72,11.5,1
8.8,0.46,0.45,2.6,0.065,18,0.9947,0.79,14,1
11.4,0.36,0.69,2.1,0.09,21,1,0.62,9.2,1
8.7,0.82,0.02,1.2,0.07,48,0.9952,0.58,9.8,0
13,0.32,0.65,2.6,0.093,47,0.9996,0.61,10.6,0
9.6,0.54,0.42,2.4,0.081,52,0.997,0.71,11.4,1
12.5,0.37,0.55,2.6,0.083,68,0.9995,0.82,10.4,1
9.9,0.35,0.55,2.1,0.062,14,0.9971,0.79,10.6,0
10.5,0.28,0.51,1.7,0.08,24,0.9982,0.89,9.4,1
9.6,0.68,0.24,2.2,0.087,28,0.9988,0.6,10.2,0
9.3,0.27,0.41,2,0.091,16,0.998,0.7,9.7,0
10.4,0.24,0.49,1.8,0.075,20,0.9977,1.06,11,1
9.6,0.68,0.24,2.2,0.087,28,0.9988,0.6,10.2,0
9.4,0.685,0.11,2.7,0.077,31,0.9984,0.7,10.1,1
10.6,0.28,0.39,15.5,0.069,23,1.0026,0.66,9.2,0
9.4,0.3,0.56,2.8,0.08,17,0.9964,0.92,11.7,1
10.6,0.36,0.59,2.2,0.152,18,0.9986,1.05,9.4,0
10.6,0.36,0.6,2.2,0.152,18,0.9986,1.06,9.4,0
10.6,0.44,0.68,4.1,0.114,24,0.997,0.66,13.4,1
10.2,0.67,0.39,1.9,0.054,17,0.9976,0.47,10,0
10.2,0.67,0.39,1.9,0.054,17,0.9976,0.47,10,0
10.2,0.645,0.36,1.8,0.053,14,0.9982,0.42,10,1
11.6,0.32,0.55,2.8,0.081,67,1.0002,0.92,10.8,1
9.3,0.39,0.4,2.6,0.073,26,0.9984,0.75,10.2,1
9.3,0.775,0.27,2.8,0.078,56,0.9984,0.67,10.6,1
9.2,0.41,0.5,2.5,0.055,25,0.9952,0.79,13.3,1
8.9,0.4,0.51,2.6,0.052,27,0.995,0.9,13.4,1
8.7,0.69,0.31,3,0.086,81,1.0002,0.74,11.6,1
6.5,0.39,0.23,8.3,0.051,91,0.9952,0.55,12.1,1
10.7,0.35,0.53,2.6,0.07,16,0.9972,0.65,11,1
7.8,0.52,0.25,1.9,0.081,38,0.9984,0.65,9,1
7.2,0.34,0.32,2.5,0.09,113,0.9966,0.79,11.1,0
10.7,0.35,0.53,2.6,0.07,16,0.9972,0.65,11,1
8.7,0.69,0.31,3,0.086,81,1.0002,0.74,11.6,1
7.8,0.52,0.25,1.9,0.081,38,0.9984,0.65,9,1
10.4,0.44,0.73,6.55,0.074,76,0.999,0.85,12,1
10.4,0.44,0.73,6.55,0.074,76,0.999,0.85,12,1
10.5,0.26,0.47,1.9,0.078,24,0.9976,1.04,10.9,1
10.5,0.24,0.42,1.8,0.077,22,0.9976,1.05,10.8,1
10.2,0.49,0.63,2.9,0.072,26,0.9968,0.78,12.5,1
10.4,0.24,0.46,1.8,0.075,21,0.9976,1.02,10.8,1
11.2,0.67,0.55,2.3,0.084,13,1,0.71,9.5,1
10,0.59,0.31,2.2,0.09,62,0.9994,0.63,10.2,1
13.3,0.29,0.75,2.8,0.084,43,0.9986,0.68,11.4,1
12.4,0.42,0.49,4.6,0.073,43,0.9978,0.61,9.5,0
10,0.59,0.31,2.2,0.09,62,0.9994,0.63,10.2,1
10.7,0.4,0.48,2.1,0.125,49,0.998,0.81,9.7,1
10.5,0.51,0.64,2.4,0.107,15,0.9973,0.66,11.8,1
10.5,0.51,0.64,2.4,0.107,15,0.9973,0.66,11.8,1
8.5,0.655,0.49,6.1,0.122,151,1.001,1.14,9.3,0
12.5,0.6,0.49,4.3,0.1,14,1.001,0.74,11.9,1
10.4,0.61,0.49,2.1,0.2,16,0.9994,0.63,8.4,0
10.9,0.21,0.49,2.8,0.088,32,0.9972,0.68,11.7,1
7.3,0.365,0.49,2.5,0.088,106,0.9966,0.78,11,0
9.8,0.25,0.49,2.7,0.088,33,0.9982,0.9,10,1
7.6,0.41,0.49,2,0.088,43,0.998,0.64,9.1,0
8.2,0.39,0.49,2.3,0.099,133,0.9979,0.99,9.8,0
9.3,0.4,0.49,2.5,0.085,142,0.9978,0.55,9.4,0
9.2,0.43,0.49,2.4,0.086,116,0.9976,0.64,9.5,0
10.4,0.64,0.24,2.8,0.105,53,0.9998,0.67,9.9,0
7.3,0.365,0.49,2.5,0.088,106,0.9966,0.78,11,0
7,0.38,0.49,2.5,0.097,85,0.9962,0.77,11.4,1
8.2,0.42,0.49,2.6,0.084,55,0.9988,0.75,8.7,1
9.9,0.63,0.24,2.4,0.077,33,0.9974,0.57,9.4,0
9.1,0.22,0.24,2.1,0.078,28,0.999,0.87,10.3,1
11.9,0.38,0.49,2.7,0.098,42,1.0004,0.61,10.3,0
11.9,0.38,0.49,2.7,0.098,42,1.0004,0.61,10.3,0
10.3,0.27,0.24,2.1,0.072,33,0.9956,0.66,12.8,1
10,0.48,0.24,2.7,0.102,32,1,0.56,10,1
9.1,0.22,0.24,2.1,0.078,28,0.999,0.87,10.3,1
9.9,0.63,0.24,2.4,0.077,33,0.9974,0.57,9.4,0
8.1,0.825,0.24,2.1,0.084,13,0.9972,0.77,10.7,1
12.9,0.35,0.49,5.8,0.066,35,1.0014,0.66,12,1
11.2,0.5,0.74,5.15,0.1,17,0.9996,0.62,11.2,0
9.2,0.59,0.24,3.3,0.101,47,0.9988,0.67,9.6,0
9.5,0.46,0.49,6.3,0.064,17,0.9988,0.73,11,1
9.3,0.715,0.24,2.1,0.07,20,0.9966,0.59,9.9,0
11.2,0.66,0.24,2.5,0.085,53,0.9993,0.72,11,1
14.3,0.31,0.74,1.8,0.075,15,1.0008,0.79,8.4,1
9.1,0.47,0.49,2.6,0.094,106,0.9982,0.59,9.1,0
7.5,0.55,0.24,2,0.078,28,0.9983,0.78,9.5,1
10.6,0.31,0.49,2.5,0.067,21,0.9987,0.86,10.7,1
12.4,0.35,0.49,2.6,0.079,69,0.9994,0.75,10.4,1
9,0.53,0.49,1.9,0.171,25,0.9975,0.61,9.4,1
6.8,0.51,0.01,2.1,0.074,25,0.9958,0.56,9.5,1
9.4,0.43,0.24,2.8,0.092,45,0.998,0.73,10,1
9.5,0.46,0.24,2.7,0.092,44,0.998,0.74,10,1
5,1.04,0.24,1.6,0.05,96,0.9934,0.62,11.5,0
15.5,0.645,0.49,4.2,0.095,23,1.00315,0.74,11.1,0
15.5,0.645,0.49,4.2,0.095,23,1.00315,0.74,11.1,0
10.9,0.53,0.49,4.6,0.118,17,1.0002,0.56,11.7,1
15.6,0.645,0.49,4.2,0.095,23,1.00315,0.74,11.1,0
10.9,0.53,0.49,4.6,0.118,17,1.0002,0.56,11.7,1
13,0.47,0.49,4.3,0.085,47,1.0021,0.68,12.7,1
12.7,0.6,0.49,2.8,0.075,19,0.9994,0.57,11.4,0
9,0.44,0.49,2.4,0.078,121,0.9978,0.58,9.2,0
9,0.54,0.49,2.9,0.094,110,0.9982,0.61,9.2,0
7.6,0.29,0.49,2.7,0.092,60,0.9971,0.61,10.1,1
13,0.47,0.49,4.3,0.085,47,1.0021,0.68,12.7,1
12.7,0.6,0.49,2.8,0.075,19,0.9994,0.57,11.4,0
8.7,0.7,0.24,2.5,0.226,15,0.9991,0.6,9,1
8.7,0.7,0.24,2.5,0.226,15,0.9991,0.6,9,1
9.8,0.5,0.49,2.6,0.25,20,0.999,0.79,10.7,1
6.2,0.36,0.24,2.2,0.095,42,0.9946,0.57,11.7,1
11.5,0.35,0.49,3.3,0.07,37,1.0003,0.91,11,1
6.2,0.36,0.24,2.2,0.095,42,0.9946,0.57,11.7,1
10.2,0.24,0.49,2.4,0.075,28,0.9978,0.61,10.4,0
10.5,0.59,0.49,2.1,0.07,47,0.9991,0.56,9.6,0
10.6,0.34,0.49,3.2,0.078,78,0.9992,0.7,10,1
12.3,0.27,0.49,3.1,0.079,46,0.9993,0.8,10.2,1
9.9,0.5,0.24,2.3,0.103,14,0.9978,0.52,10,0
8.8,0.44,0.49,2.8,0.083,111,0.9982,0.6,9.5,0
8.8,0.47,0.49,2.9,0.085,110,0.9982,0.6,9.8,0
10.6,0.31,0.49,2.2,0.063,40,0.9976,0.51,9.8,1
12.3,0.5,0.49,2.2,0.089,14,1.0002,0.44,9.6,0
12.3,0.5,0.49,2.2,0.089,14,1.0002,0.44,9.6,0
11.7,0.49,0.49,2.2,0.083,15,1,0.43,9.2,0
12,0.28,0.49,1.9,0.074,21,0.9976,0.66,9.9,1
11.8,0.33,0.49,3.4,0.093,80,1.0002,0.76,10.7,1
7.6,0.51,0.24,2.4,0.091,38,0.998,0.66,9.6,1
11.1,0.31,0.49,2.7,0.094,47,0.9986,1.02,10.6,1
7.3,0.73,0.24,1.9,0.108,102,0.9967,0.59,9.3,0
5,0.42,0.24,2,0.06,50,0.9917,0.74,14,1
10.2,0.29,0.49,2.6,0.059,13,0.9976,0.74,10.5,1
9,0.45,0.49,2.6,0.084,75,0.9987,0.57,9.7,0
6.6,0.39,0.49,1.7,0.07,149,0.9922,0.5,11.5,1
9,0.45,0.49,2.6,0.084,75,0.9987,0.57,9.7,0
9.9,0.49,0.58,3.5,0.094,43,1.0004,0.58,9,0
7.9,0.72,0.17,2.6,0.096,38,0.9978,0.53,9.5,0
8.9,0.595,0.41,7.9,0.086,109,0.9998,0.57,9.3,0
12.4,0.4,0.51,2,0.059,24,0.9994,0.6,9.3,1
11.9,0.58,0.58,1.9,0.071,18,0.998,0.63,10,1
8.5,0.585,0.18,2.1,0.078,30,0.9967,0.48,9.8,1
12.7,0.59,0.45,2.3,0.082,22,1,0.7,9.3,1
8.2,0.915,0.27,2.1,0.088,23,0.9962,0.47,10,0
13.2,0.46,0.52,2.2,0.071,35,1.0006,0.56,9,1
7.7,0.835,0,2.6,0.081,14,0.9975,0.52,9.3,0
13.2,0.46,0.52,2.2,0.071,35,1.0006,0.56,9,1
8.3,0.58,0.13,2.9,0.096,63,0.9984,0.62,9.1,1
8.3,0.6,0.13,2.6,0.085,24,0.9984,0.59,9.2,1
9.4,0.41,0.48,4.6,0.072,20,0.9973,0.79,12.2,1
8.8,0.48,0.41,3.3,0.092,52,0.9982,0.53,10.5,1
10.1,0.65,0.37,5.1,0.11,65,1.0026,0.64,10.4,1
6.3,0.36,0.19,3.2,0.075,39,0.9956,0.52,12.7,1
8.8,0.24,0.54,2.5,0.083,57,0.9983,0.54,9.2,0
13.2,0.38,0.55,2.7,0.081,16,1.0006,0.54,9.4,0
7.5,0.64,0,2.4,0.077,29,0.9965,0.6,10,1
8.2,0.39,0.38,1.5,0.058,29,0.9962,0.74,9.8,0
9.2,0.755,0.18,2.2,0.148,103,0.9969,1.36,10.2,1
9.6,0.6,0.5,2.3,0.079,71,0.9997,0.57,9.7,0
9.6,0.6,0.5,2.3,0.079,71,0.9997,0.57,9.7,0
11.5,0.31,0.51,2.2,0.079,28,0.9982,0.93,9.8,1
11.4,0.46,0.5,2.7,0.122,17,1.0006,0.7,10.2,0
11.3,0.37,0.41,2.3,0.088,16,0.9988,0.8,9.3,0
8.3,0.54,0.24,3.4,0.076,112,0.9976,0.61,9.4,0
8.2,0.56,0.23,3.4,0.078,104,0.9976,0.62,9.4,0
10,0.58,0.22,1.9,0.08,32,0.9974,0.55,9.5,0
7.9,0.51,0.25,2.9,0.077,45,0.9974,0.96,12.1,1
6.8,0.69,0,5.6,0.124,58,0.9997,0.72,10.2,0
6.8,0.69,0,5.6,0.124,58,0.9997,0.72,10.2,0
8.8,0.6,0.29,2.2,0.098,15,0.9988,0.49,9.1,0
8.8,0.6,0.29,2.2,0.098,15,0.9988,0.49,9.1,0
8.7,0.54,0.26,2.5,0.097,31,0.9976,0.6,9.3,1
7.6,0.685,0.23,2.3,0.111,84,0.9964,0.61,9.3,0
8.7,0.54,0.26,2.5,0.097,31,0.9976,0.6,9.3,1
10.4,0.28,0.54,2.7,0.105,19,0.9988,0.63,9.5,0
7.6,0.41,0.14,3,0.087,43,0.9964,0.57,10.5,1
10.1,0.935,0.22,3.4,0.105,86,1.001,0.64,11.3,0
7.9,0.35,0.21,1.9,0.073,102,0.9964,0.58,9.5,0
8.7,0.84,0,1.4,0.065,33,0.9954,0.55,9.7,0
9.6,0.88,0.28,2.4,0.086,147,0.9979,0.53,9.4,0
9.5,0.885,0.27,2.3,0.084,145,0.9978,0.53,9.4,0
7.7,0.915,0.12,2.2,0.143,23,0.9964,0.65,10.2,1
8.9,0.29,0.35,1.9,0.067,57,0.997,1.36,10.3,1
9.9,0.54,0.45,2.3,0.071,40,0.9991,0.62,9.4,0
9.5,0.59,0.44,2.3,0.071,68,0.9992,0.63,9.5,0
9.9,0.54,0.45,2.3,0.071,40,0.9991,0.62,9.4,0
9.5,0.59,0.44,2.3,0.071,68,0.9992,0.63,9.5,0
9.9,0.54,0.45,2.3,0.071,40,0.9991,0.62,9.4,0
7.8,0.64,0.1,6,0.115,11,0.9984,0.69,10.1,1
7.3,0.67,0.05,3.6,0.107,20,0.9972,0.63,10.1,0
8.3,0.845,0.01,2.2,0.07,14,0.9967,0.58,11,0
8.7,0.48,0.3,2.8,0.066,28,0.9964,0.67,11.2,1
6.7,0.42,0.27,8.6,0.068,148,0.9948,0.57,11.3,1
10.7,0.43,0.39,2.2,0.106,32,0.9986,0.5,9.6,0
9.8,0.88,0.25,2.5,0.104,155,1.001,0.67,11.2,0
15.9,0.36,0.65,7.5,0.096,71,0.9976,0.84,14.9,0
9.4,0.33,0.59,2.8,0.079,30,0.9976,0.54,12,1
8.6,0.47,0.47,2.4,0.074,29,0.9979,0.46,9.5,0
9.7,0.55,0.17,2.9,0.087,53,1.0004,0.61,9.4,0
10.7,0.43,0.39,2.2,0.106,32,0.9986,0.5,9.6,0
12,0.5,0.59,1.4,0.073,42,0.998,0.68,10.5,1
7.2,0.52,0.07,1.4,0.074,20,0.9973,0.81,9.6,1
7.1,0.84,0.02,4.4,0.096,13,0.997,0.57,11,0
7.2,0.52,0.07,1.4,0.074,20,0.9973,0.81,9.6,1
7.5,0.42,0.31,1.6,0.08,42,0.9978,0.64,9,0
7.2,0.57,0.06,1.6,0.076,27,0.9972,0.7,9.6,1
10.1,0.28,0.46,1.8,0.05,13,0.9974,0.79,10.2,1
12.1,0.4,0.52,2,0.092,54,1,0.66,10.2,0
9.4,0.59,0.14,2,0.084,48,0.9981,0.56,9.7,0
8.3,0.49,0.36,1.8,0.222,16,0.998,0.6,9.5,1
11.3,0.34,0.45,2,0.082,15,0.9988,0.66,9.2,1
10,0.73,0.43,2.3,0.059,31,0.9966,0.57,11,0
11.3,0.34,0.45,2,0.082,15,0.9988,0.66,9.2,1
6.9,0.4,0.24,2.5,0.083,45,0.9959,0.58,10,0
8.2,0.73,0.21,1.7,0.074,13,0.9968,0.52,9.5,0
9.8,1.24,0.34,2,0.079,151,0.998,0.53,9.5,0
8.2,0.73,0.21,1.7,0.074,13,0.9968,0.52,9.5,0
10.8,0.4,0.41,2.2,0.084,17,0.9984,0.67,9.3,1
9.3,0.41,0.39,2.2,0.064,31,0.9984,0.65,10.2,0
10.8,0.4,0.41,2.2,0.084,17,0.9984,0.67,9.3,1
8.6,0.8,0.11,2.3,0.084,31,0.9979,0.48,9.9,0
8.3,0.78,0.1,2.6,0.081,87,0.9983,0.53,10,0
10.8,0.26,0.45,3.3,0.06,49,0.9972,0.54,9.6,0
13.3,0.43,0.58,1.9,0.07,40,1.0004,0.49,9,0
8,0.45,0.23,2.2,0.094,29,0.9962,0.49,10.2,1
8.5,0.46,0.31,2.25,0.078,58,0.998,0.54,9.8,0
8.1,0.78,0.23,2.6,0.059,15,0.997,0.56,11.3,0
9.8,0.98,0.32,2.3,0.078,152,0.998,0.48,9.4,0
8.1,0.78,0.23,2.6,0.059,15,0.997,0.56,11.3,0
7.1,0.65,0.18,1.8,0.07,40,0.997,0.6,9.1,0
9.1,0.64,0.23,3.1,0.095,38,0.9998,0.59,9.7,0
7.7,0.66,0.04,1.6,0.039,9,0.9962,0.47,9.4,0
8.1,0.38,0.48,1.8,0.157,17,0.9976,1.05,9.4,0
7.4,1.185,0,4.25,0.097,14,0.9966,0.54,10.7,0
9.2,0.92,0.24,2.6,0.087,93,0.9998,0.54,9.8,0
8.6,0.49,0.51,2,0.422,62,0.9979,1.17,9,0
9,0.48,0.32,2.8,0.084,122,0.9984,0.62,9.4,0
9,0.47,0.31,2.7,0.084,125,0.9984,0.61,9.4,0
5.1,0.47,0.02,1.3,0.034,44,0.9921,0.62,12.8,1
7,0.65,0.02,2.1,0.066,25,0.9972,0.67,9.5,1
7,0.65,0.02,2.1,0.066,25,0.9972,0.67,9.5,1
9.4,0.615,0.28,3.2,0.087,72,1.0001,0.53,9.7,0
11.8,0.38,0.55,2.1,0.071,19,0.9986,0.62,10.8,1
10.6,1.02,0.43,2.9,0.076,88,0.9984,0.57,10.1,1
7,0.65,0.02,2.1,0.066,25,0.9972,0.67,9.5,1
7,0.64,0.02,2.1,0.067,23,0.997,0.67,9.4,1
7.5,0.38,0.48,2.6,0.073,84,0.9972,0.7,9.6,0
9.1,0.765,0.04,1.6,0.078,14,0.998,0.54,9.7,0
8.4,1.035,0.15,6,0.073,54,0.999,0.49,9.9,0
7,0.78,0.08,2,0.093,19,0.9956,0.47,10,0
7.4,0.49,0.19,3,0.077,37,0.9966,0.51,10.5,0
7.8,0.545,0.12,2.5,0.068,35,0.996,0.61,11.6,1
9.7,0.31,0.47,1.6,0.062,33,0.9983,0.66,10,1
10.6,1.025,0.43,2.8,0.08,84,0.9985,0.57,10.1,0
8.9,0.565,0.34,3,0.093,112,0.9998,0.61,9.5,0
8.7,0.69,0,3.2,0.084,33,0.9992,0.45,9.4,0
8,0.43,0.36,2.3,0.075,48,0.9976,0.46,9.4,0
9.9,0.74,0.28,2.6,0.078,77,0.998,0.51,9.8,0
7.2,0.49,0.18,2.7,0.069,34,0.9967,0.48,9.2,1
8,0.43,0.36,2.3,0.075,48,0.9976,0.46,9.4,0
7.6,0.46,0.11,2.6,0.079,49,0.9968,0.57,10,0
8.4,0.56,0.04,2,0.082,22,0.9976,0.44,9.6,0
7.1,0.66,0,3.9,0.086,45,0.9976,0.54,9.5,0
8.4,0.56,0.04,2,0.082,22,0.9976,0.44,9.6,0
8.9,0.48,0.24,2.85,0.094,106,0.9982,0.53,9.2,0
7.6,0.42,0.08,2.7,0.084,48,0.9968,0.59,10,0
7.1,0.31,0.3,2.2,0.053,127,0.9965,1.62,9.5,0
7.5,1.115,0.1,3.1,0.086,12,0.9958,0.6,11.2,0
9,0.66,0.17,3,0.077,13,0.9976,0.55,10.4,0
8.1,0.72,0.09,2.8,0.084,49,0.9994,0.72,11.1,1
6.4,0.57,0.02,1.8,0.067,11,0.997,0.68,9.5,0
6.4,0.57,0.02,1.8,0.067,11,0.997,0.68,9.5,0
6.4,0.865,0.03,3.2,0.071,58,0.995,0.49,12.7,1
9.5,0.55,0.66,2.3,0.387,37,0.9982,0.67,9.6,0
8.9,0.875,0.13,3.45,0.088,14,0.9994,0.52,11.5,0
7.3,0.835,0.03,2.1,0.092,19,0.9966,0.47,9.6,0
7,0.45,0.34,2.7,0.082,72,0.998,0.6,9.5,0
7.7,0.56,0.2,2,0.075,39,0.9987,0.62,9.3,0
7.7,0.965,0.1,2.1,0.112,22,0.9963,0.5,9.5,0
7.7,0.965,0.1,2.1,0.112,22,0.9963,0.5,9.5,0
8.2,0.59,0,2.5,0.093,58,1.0002,0.65,9.3,1
9,0.46,0.23,2.8,0.092,104,0.9983,0.56,9.2,0
9,0.69,0,2.4,0.088,38,0.999,0.6,9.3,0
8.3,0.76,0.29,4.2,0.075,16,0.9965,0.68,11.5,1
9.2,0.53,0.24,2.6,0.078,139,0.99788,0.57,9.5,0
6.5,0.615,0,1.9,0.065,18,0.9972,0.65,9.2,0
11.6,0.41,0.58,2.8,0.096,101,1.00024,0.53,10,0
11.1,0.39,0.54,2.7,0.095,101,1.0001,0.51,9.5,0
7.3,0.51,0.18,2.1,0.07,28,0.99768,0.73,9.5,1
8.2,0.34,0.38,2.5,0.08,57,0.9978,0.47,9,1
8.6,0.33,0.4,2.6,0.083,68,0.99782,0.48,9.4,0
7.2,0.5,0.18,2.1,0.071,31,0.99761,0.72,9.6,1
7.3,0.51,0.18,2.1,0.07,28,0.99768,0.73,9.5,1
8.3,0.65,0.1,2.9,0.089,40,0.99803,0.55,9.5,0
8.3,0.65,0.1,2.9,0.089,40,0.99803,0.55,9.5,0
7.6,0.54,0.13,2.5,0.097,66,0.99785,0.61,9.4,0
8.3,0.65,0.1,2.9,0.089,40,0.99803,0.55,9.5,0
7.8,0.48,0.68,1.7,0.415,32,0.99656,1.06,9.1,1
7.8,0.91,0.07,1.9,0.058,47,0.99525,0.43,10.7,1
6.3,0.98,0.01,2,0.057,33,0.99488,0.46,11.2,1
8.1,0.87,0,2.2,0.084,31,0.99656,0.5,9.8,0
8.1,0.87,0,2.2,0.084,31,0.99656,0.5,9.8,0
8.8,0.42,0.21,2.5,0.092,88,0.99823,0.52,9.2,0
9,0.58,0.25,2.8,0.075,104,0.99779,0.57,9.7,0
9.3,0.655,0.26,2,0.096,35,0.99738,0.42,9.6,0
8.8,0.7,0,1.7,0.069,19,0.99701,0.53,10,1
9.3,0.655,0.26,2,0.096,35,0.99738,0.42,9.6,0
9.1,0.68,0.11,2.8,0.093,44,0.99888,0.55,9.5,1
9.2,0.67,0.1,3,0.091,48,0.99888,0.54,9.5,1
8.8,0.59,0.18,2.9,0.089,74,0.99738,0.54,9.4,0
7.5,0.6,0.32,2.7,0.103,98,0.99938,0.62,9.5,0
7.1,0.59,0.02,2.3,0.082,94,0.99744,0.53,9.7,1
7.9,0.72,0.01,1.9,0.076,32,0.99668,0.54,9.6,0
7.1,0.59,0.02,2.3,0.082,94,0.99744,0.53,9.7,1
9.4,0.685,0.26,2.4,0.082,143,0.9978,0.55,9.4,0
9.5,0.57,0.27,2.3,0.082,144,0.99782,0.55,9.4,0
7.9,0.4,0.29,1.8,0.157,44,0.9973,0.92,9.5,1
7.9,0.4,0.3,1.8,0.157,45,0.99727,0.91,9.5,1
7.2,1,0,3,0.102,16,0.99586,0.46,10,0
6.9,0.765,0.18,2.4,0.243,48,0.99612,0.6,10.3,1
6.9,0.635,0.17,2.4,0.241,18,0.9961,0.59,10.3,1
8.3,0.43,0.3,3.4,0.079,34,0.99788,0.61,10.5,0
7.1,0.52,0.03,2.6,0.076,92,0.99745,0.6,9.8,0
7,0.57,0,2,0.19,45,0.99676,0.6,9.4,1
6.5,0.46,0.14,2.4,0.114,37,0.99732,0.65,9.8,0
9,0.82,0.05,2.4,0.081,96,0.99814,0.53,10,0
6.5,0.46,0.14,2.4,0.114,37,0.99732,0.65,9.8,0
7.1,0.59,0.01,2.5,0.077,85,0.99746,0.59,9.8,0
9.9,0.35,0.41,2.3,0.083,61,0.9982,0.5,9.5,0
9.9,0.35,0.41,2.3,0.083,61,0.9982,0.5,9.5,0
10,0.56,0.24,2.2,0.079,58,0.9991,0.56,10.1,1
10,0.56,0.24,2.2,0.079,58,0.9991,0.56,10.1,1
8.6,0.63,0.17,2.9,0.099,119,0.998,0.52,9.3,0
7.4,0.37,0.43,2.6,0.082,82,0.99708,0.68,9.7,1
8.8,0.64,0.17,2.9,0.084,130,0.99818,0.54,9.6,0
7.1,0.61,0.02,2.5,0.081,87,0.99745,0.6,9.7,1
7.7,0.6,0,2.6,0.055,13,0.99639,0.56,10.8,0
10.1,0.27,0.54,2.3,0.065,26,0.99531,0.53,12.5,1
10.8,0.89,0.3,2.6,0.132,60,0.99786,1.18,10.2,0
8.7,0.46,0.31,2.5,0.126,64,0.99746,0.74,9.6,0
9.3,0.37,0.44,1.6,0.038,42,0.99526,0.81,10.8,1
9.4,0.5,0.34,3.6,0.082,14,0.9987,0.52,10.7,1
